<?xml version="1.0" encoding="UTF-8"?>
<project-private xmlns="http://www.netbeans.org/ns/project-private/1">
    <editor-bookmarks xmlns="http://www.netbeans.org/ns/editor-bookmarks/2" lastBookmarkId="0"/>
    <open-files xmlns="http://www.netbeans.org/ns/projectui-open-files/2">
        <group>
            <file>file:/B:/Matkul%20UTY%20Gen%202/PBO/PBO_M11_5210411401/src/pbo_m11_5210411401/NimHarus10Digit.java</file>
            <file>file:/B:/Matkul%20UTY%20Gen%202/PBO/PBO_M11_5210411401/src/pbo_m11_5210411401/SemesterHarusValid.java</file>
            <file>file:/B:/Matkul%20UTY%20Gen%202/PBO/PBO_M11_5210411401/src/pbo_m11_5210411401/SPPPRINT.java</file>
        </group>
    </open-files>
</project-private>
